{
    "train_accuracy": 0.9195929169654846,
    "train_loss": 0.24258577823638916,
    "val_accuracy": 0.9359139204025269,
    "val_loss": 0.19615887105464935,
    "epochs": 5
}